{
  "Songs": [
    {
      "id": 1,
      "Song": "Mulumuna",
      "Album": "MalluWeb.info",
      "Singers": "Mithun Eshwar",
      "Year": 2016,
      "Genre": "Soul Music"
    },
    {
      "id": 2,
      "Song": "Yaar Azhaippadhu",
      "Album": "Mass Tamilan",
      "Singers": "Sid Sriram,Ghibran",
      "Year": 2021,
      "Genre": "Romantic"
    },
    {
      "id": 3,
      "Song": "Okey Oka Lokam",
      "Album": "NaaSongsMp3",
      "Singers": "Sid Sriram",
      "Year": 2021,
      "Genre": "Soul Music"
    },
    {
      "Song": "Gaandu Kannama",
      "Album": "Tamil-Gandu Kannama",
      "id": 4,
      "Singers": "Vivek-Mervin",
      "Year": 2020,
      "Genre": "Romantic"
    },
    {
      "Song": "Orasaadha",
      "Album": "Tamil EDM MixTape",
      "id": 5,
      "Singers": "Vivek-Mervin,Mervin Solomon",
      "Year": 2018,
      "Genre": "POP & Romantic"
    },
    {
      "Song": "DheeraDheera",
      "Album": "Wynky.in",
      "Singers": "Mohan Krishna,Yogisekar",
      "Year": 2019,
      "Genre": "SoundTrack",
      "id": 6
    }
  ]
}